Марка;Cсылка;Цена;Город
Acura MDX III;https://auto.ru/cars/used/sale/acura/mdx/1101209513-6db06d1e/?geo_id=213;1 750 000 ₽;Москва
Acura MDX III Рестайлинг 2;https://auto.ru/cars/new/group/acura/mdx/20805231/0/1101689223-318a8211/?geo_id=213;7 048 330 ₽;Москва
Acura TL III;https://auto.ru/cars/used/sale/acura/tl/1101610839-aaa4895a/?geo_id=213;359 000 ₽;Москва
Acura MDX I;https://auto.ru/cars/used/sale/acura/mdx/1101768013-6590b9be/?geo_id=213;300 000 ₽;Москва
Acura MDX I;https://auto.ru/cars/used/sale/acura/mdx/1101878842-51fb2ab8/?geo_id=213;545 000 ₽;Москва
Acura MDX I;https://auto.ru/cars/used/sale/acura/mdx/1100880370-b4a665f7/?geo_id=213;319 000 ₽;Москва
Acura TLX I;https://auto.ru/cars/used/sale/acura/tlx/1101530290-b371f250/?geo_id=213;1 528 000 ₽;Москва
Acura MDX III;https://auto.ru/cars/used/sale/acura/mdx/1101807652-982e425c/?geo_id=213;1 795 000 ₽;Москва
Acura MDX III;https://auto.ru/cars/used/sale/acura/mdx/1101901354-fced6d2c/?geo_id=213;2 400 000 ₽;Москва
Acura ZDX;https://auto.ru/cars/used/sale/acura/zdx/1100405264-2cd7420f/?geo_id=213;1 299 000 ₽;Москва
Acura RDX I Рестайлинг;https://auto.ru/cars/used/sale/acura/rdx/1086862940-b8b9e6af/?geo_id=213;1 100 000 ₽;Москва
Acura MDX II;https://auto.ru/cars/used/sale/acura/mdx/1101682626-a32b0996/?geo_id=213;557 000 ₽;Москва
Acura ZDX;https://auto.ru/cars/used/sale/acura/zdx/1101732183-fed48fc6/?geo_id=213;1 750 000 ₽;Москва
Acura RDX I Рестайлинг;https://auto.ru/cars/used/sale/acura/rdx/1101504008-d68c4255/?geo_id=213;939 000 ₽;Москва
Acura MDX III Рестайлинг 2;https://auto.ru/cars/used/sale/acura/mdx/1101802711-4f7e69e3/?geo_id=213;2 950 000 ₽;Москва
Acura TLX I;https://auto.ru/cars/used/sale/acura/tlx/1101467648-8dfd9a30/?geo_id=213;1 400 000 ₽;Москва
Acura RL II;https://auto.ru/cars/used/sale/acura/rl/1101263582-4b03da7a/?geo_id=213;750 000 ₽;Москва
Acura RDX II;https://auto.ru/cars/used/sale/acura/rdx/1099521780-d205e3ce/?geo_id=213;1 600 000 ₽;Москва
Acura RDX I;https://auto.ru/cars/used/sale/acura/rdx/1101779738-a3252fa0/?geo_id=213;500 000 ₽;Москва
Acura TLX I;https://auto.ru/cars/used/sale/acura/tlx/1101641798-38aa7ce0/?geo_id=213;2 220 000 ₽;Москва
Acura MDX I;https://auto.ru/cars/used/sale/acura/mdx/1098932564-63bb32eb/?geo_id=213;350 000 ₽;Москва
Acura ILX I Рестайлинг;https://auto.ru/cars/used/sale/acura/ilx/1101466574-b6b489cf/?geo_id=213;1 700 000 ₽;Москва
Acura MDX III;https://auto.ru/cars/used/sale/acura/mdx/1101871226-4ea5d12c/?geo_id=213;1 950 000 ₽;Москва
Acura MDX III;https://auto.ru/cars/used/sale/acura/mdx/1101716196-41c62664/?geo_id=213;2 399 000 ₽;Москва
Acura RDX I;https://auto.ru/cars/used/sale/acura/rdx/1093091598-5984bf9b/?geo_id=213;999 999 ₽;Москва
Acura MDX I;https://auto.ru/cars/used/sale/acura/mdx/1101670622-2fed5cec/?geo_id=213;500 000 ₽;Москва
Acura MDX I;https://auto.ru/cars/used/sale/acura/mdx/1101897009-eab8dbd6/?geo_id=213;410 000 ₽;Москва
Acura MDX II;https://auto.ru/cars/used/sale/acura/mdx/1101866842-343ac065/?geo_id=213;950 000 ₽;Москва
Acura RDX I;https://auto.ru/cars/used/sale/acura/rdx/1101364271-ea8fab2e/?geo_id=213;603 000 ₽;Москва
Acura RDX I;https://auto.ru/cars/used/sale/acura/rdx/1085905014-217618c8/?geo_id=213;979 990 ₽;Москва
Acura TLX I;https://auto.ru/cars/used/sale/acura/tlx/1094681300-9738caef/?geo_id=213;1 999 999 ₽;Москва
Acura RL II;https://auto.ru/cars/used/sale/acura/rl/1085271960-af19fd14/?geo_id=213;595 000 ₽;Москва
Acura RDX I;https://auto.ru/cars/used/sale/acura/rdx/1101424051-24be1531/?geo_id=213;610 000 ₽;Москва
Acura RDX I;https://auto.ru/cars/used/sale/acura/rdx/1101577756-38dffc7d/?geo_id=213;650 000 ₽;Москва
Acura Integra III;https://auto.ru/cars/used/sale/acura/integra/1100954012-3d49f9d4/?geo_id=213;350 000 ₽;Москва
Acura RDX I;https://auto.ru/cars/used/sale/acura/rdx/1100564452-8465eee0/?geo_id=213;699 000 ₽;Москва
Acura MDX I;https://auto.ru/cars/used/sale/acura/mdx/1095761550-784647ac/?geo_id=213;430 000 ₽;Москва
Acura RDX I;https://auto.ru/cars/used/sale/acura/rdx/1099465424-41f31ff2/?geo_id=213;1 000 000 ₽;Москва
Acura MDX I;https://auto.ru/cars/used/sale/acura/mdx/1095761550-784647ac/?geo_id=213;430 000 ₽;Москва
Acura RDX I;https://auto.ru/cars/used/sale/acura/rdx/1099787798-8a352592/?geo_id=213;900 000 ₽;Москва
Acura MDX I;https://auto.ru/cars/used/sale/acura/mdx/1020550819-f892/?geo_id=213;430 000 ₽;Москва
Acura MDX I;https://auto.ru/cars/used/sale/acura/mdx/1101831444-4027af2b/?geo_id=213;420 000 ₽;Москва
Acura MDX I;https://auto.ru/cars/used/sale/acura/mdx/1095030350-867c69da/?geo_id=213;330 000 ₽;Москва
Acura MDX I;https://auto.ru/cars/used/sale/acura/mdx/1080154960-b8520/?geo_id=213;450 000 ₽;Москва
Acura MDX I;https://auto.ru/cars/used/sale/acura/mdx/1094257322-538ed1a2/?geo_id=213;495 000 ₽;Москва
Acura MDX III;https://auto.ru/cars/used/sale/acura/mdx/1101738471-16d0ac20/?geo_id=213;2 370 000 ₽;Реутов
Acura MDX I;https://auto.ru/cars/used/sale/acura/mdx/1101634837-e06200cf/?geo_id=213;419 000 ₽;Тула (170 км от Москвы)
Acura MDX I;https://auto.ru/cars/used/sale/acura/mdx/1101912114-0e85ecad/?geo_id=213;420 000 ₽;Подольск (35 км от Москвы)
Acura RDX II;https://auto.ru/cars/used/sale/acura/rdx/1098778876-8583289a/?geo_id=213;1 350 000 ₽;Мытищи
Acura MDX II;https://auto.ru/cars/used/sale/acura/mdx/1094956594-6aa961d8/?geo_id=213;500 000 ₽;Сергиев Посад (70 км от Москвы)
Acura RDX II;https://auto.ru/cars/used/sale/acura/rdx/1100778668-e602aff0/?geo_id=213;1 370 000 ₽;Егорово
Acura RSX I;https://auto.ru/cars/used/sale/acura/rsx/1101053360-f8fc715d/?geo_id=213;350 000 ₽;Люберцы
Acura RDX I;https://auto.ru/cars/used/sale/acura/rdx/1090174404-782f8e53/?geo_id=213;800 000 ₽;Ступино (100 км от Москвы)
Acura RSX I;https://auto.ru/cars/used/sale/acura/rsx/1098815710-d807065a/?geo_id=213;510 000 ₽;Лобня
Acura RL II;https://auto.ru/cars/used/sale/acura/rl/1070253683-5df33/?geo_id=213;820 000 ₽;Бронницы (50 км от Москвы)
Acura MDX II;https://auto.ru/cars/used/sale/acura/mdx/1099606356-2b0a8da6/?geo_id=213;750 000 ₽;Тула (170 км от Москвы)
Acura RDX I;https://auto.ru/cars/used/sale/acura/rdx/1100188704-26fbb206/?geo_id=213;770 000 ₽;Кольчугино (120 км от Москвы)
Acura MDX I;https://auto.ru/cars/used/sale/acura/mdx/1101339036-3fb04dc2/?geo_id=213;335 000 ₽;Королёв
Acura MDX I;https://auto.ru/cars/used/sale/acura/mdx/1101796325-5c4c8a18/?geo_id=213;400 000 ₽;Тула (170 км от Москвы)
Acura RDX I;https://auto.ru/cars/used/sale/acura/rdx/1101196303-5892c729/?geo_id=213;669 000 ₽;Люберцы
Acura MDX I;https://auto.ru/cars/used/sale/acura/mdx/1096317848-d1a4f8fe/?geo_id=213;340 000 ₽;Наро-Фоминск (60 км от Москвы)
Acura MDX I;https://auto.ru/cars/used/sale/acura/mdx/1096368088-78291f8a/?geo_id=213;430 000 ₽;Щелково
Acura MDX I;https://auto.ru/cars/used/sale/acura/mdx/1101202370-354c08be/?geo_id=213;350 000 ₽;Красногорск
Acura MDX I;https://auto.ru/cars/used/sale/acura/mdx/1070968743-719ef/?geo_id=213;420 000 ₽;Пушкино (30 км от Москвы)
Acura MDX I;https://auto.ru/cars/used/sale/acura/mdx/1098815662-1a6d2e2e/?geo_id=213;375 000 ₽;Немчиновка
